station,lat,lon,oxygen,dens,depth,sal,temp,nitrate,phosphate,silicate,NO2,NH4
2,8.752401,-88.970932,199.76199,1019.86469,5,32.6233,30.2961,0,0.15,1,0,0.04
2,8.752401,-88.970932,221.575,1021.3111,20,33.9398,29.05,2.94,0.42,3.3,0,0.14
2,8.752401,-88.970932,99.506,1024.64758,45,34.3937,19.244,20.72,1.69,14.5,0.05,0.11
2,8.752401,-88.970932,21.487,1026.60315,100,34.911,13.8088,30.88,2.1,21.3,0,0.02
2,8.752401,-88.970932,28.182,1026.77026,125,34.8188,13.1845,31,2.16,23.4,0,0
2,8.752401,-88.970932,25.174,1026.95471,150,34.8571,12.9851,31.37,2.22,24.5,0,0
2,8.752401,-88.970932,10.794,1027.25024,200,34.841,12.5829,32.53,2.39,27.3,0.1,0.02
2,8.752401,-88.970932,2.506,1027.90259,300,34.7495,11.1621,32.82,2.55,31.2,0,0.02
2,8.752401,-88.970932,1.965,1028.51917,400,34.636,9.7539,28.05,2.92,46.1,1.35,0.04
2,8.752401,-88.970932,2.086,1029.23779,500,34.6205,8.1452,36.57,3.1,55.1,0,0
2,8.752401,-88.970932,3.57,1029.80566,600,34.5868,7.2674,39.75,3.15,60.7,0,0.03
2,8.752401,-88.970932,4.956,1030.93237,800,34.5575,5.6618,45.16,3.37,80.6,0,0.03
2,8.752401,-88.970932,22.43,1031.99084,1000,34.5643,4.6842,NaN,NaN,NaN,NaN,NaN
2,8.752401,-88.970932,42.75,1033.27429,1250,34.5834,3.7958,44.43,3.259590164,114.6301263,0,0
2,8.752401,-88.970932,60.331,1034.53345,1500,34.6054,3.0797,43.4,3.127991803,129.5158406,0,0.05
2,8.752401,-88.970932,89.797,1036.95679,2000,34.6403,2.2863,39.83,2.874918033,154.1228377,0,0.06
2,8.752401,-88.970932,99.226,1038.1499,2250,34.6541,1.9879,34.7,2.480122951,135.490379,0,0.06
2,8.752401,-88.970932,104.258,1038.85754,2400,34.661,1.8669,39.92,2.824303279,161.7175899,0,0.04
2,8.752401,-88.970932,108.34,1039.77295,2600,34.6643,1.822,NaN,NaN,NaN,NaN,NaN
2,8.752401,-88.970932,109.25,1040.68079,2800,34.6653,1.8221,43.61,3.370942623,81.5170068,0,0.04
3,8.999591,-91.697595,197.711,1021.1131,5,34.0912,29.8642,0.62,0.28,1.6,0,0.18
3,8.999591,-91.697595,141.53799,1021.25812,20,33.0673,26.078,16.25,1.57,8.8,0.34,1.06
3,8.999591,-91.697595,33.116,1025.84875,35,34.6986,15.1616,29.08,2.15,21.5,0.01,0.05
3,8.999591,-91.697595,20.097,1026.28613,55,34.742,13.7118,32.11,2.26,23.6,0.02,0.03
3,8.999591,-91.697595,14.595,1026.48987,70,34.8342,13.4312,31.8,2.27,23.4,0,0.02
3,8.999591,-91.697595,20.676,1026.90662,125,34.8377,12.5948,32.39,2.27,25.5,0,0.02
3,8.999591,-91.697595,45.337,1027.37915,200,34.7682,11.6325,31.22,2.2,26.7,0,0.03
3,8.999591,-91.697595,11.386,1027.96472,300,34.7309,10.7503,33.85,2.49,32.5,0,0.03
3,8.999591,-91.697595,4.452,1028.54785,400,34.6776,9.7917,34.02,2.78,40.8,0.02,0.02
3,8.999591,-91.697595,2.113,1029.15613,500,34.6145,8.6105,31.2,3.02,49.5,0.59,0.03
3,8.999591,-91.697595,3.358,1029.78064,600,34.5888,7.441,31.4,3,49.5,0.53,0.03
3,8.999591,-91.697595,4.199,1030.33679,700,34.5772,6.7405,42,3.303,60.641,0,0.9
3,8.999591,-91.697595,9.231,1030.88306,800,34.5611,6.0223,31.39,2.96,49.7,0.53,0.04
3,8.999591,-91.697595,16.24,1031.42065,900,34.5582,5.4531,41.95,3.313442623,62.7638484,0,0.3
3,8.999591,-91.697595,23.066,1031.93665,1000,34.5613,5.0612,41.98,3.232131148,63.97667638,0,0.24
3,8.999591,-91.697595,32.221,1033.24573,1250,34.5783,3.9829,42.11,3.303278689,56.29543246,0,0.16
3,8.999591,-91.697595,52.531,1034.50708,1500,34.5968,3.2281,42.32,3.323606557,66.09912536,0,0.36
3,8.999591,-91.697595,83.609,1036.94543,2000,34.6359,2.3457,42.18,3.303278689,65.79591837,0,0.58
3,8.999591,-91.697595,105.016,1039.3103,2500,34.6619,1.862,41.95,3.313442623,63.67346939,0,0.25
3,8.999591,-91.697595,112.147,1041.5835,3000,34.6658,1.8266,42.15,3.313442623,65.29057337,0,0.04
3,8.999591,-91.697595,114.212,1042.92737,3300,34.6661,1.8498,42.16,3.293114754,65.18950437,0,0.04
3,8.999591,-91.697595,112.466,1043.3728,3400,34.666,1.8594,42.28,3.333770492,57.00291545,0,0.03
3,8.999591,-91.697595,112.577,1044.03894,3550,34.6658,1.875,42.18,3.333770492,57.00291545,0,0.19
3,8.999591,-91.697595,112.78,1044.26489,3600,34.6657,1.8788,41.7,3.293114754,55.18367347,0,0.24
4,9.180947,-94.293783,141.089,1020.6076,5,33.4388,29.9034,0.04,0.244,1.112,0,0.05
4,9.180947,-94.293783,147.258,1021.11829,15,34.0835,29.9763,0.08,0.274,1.314,0.01,0.14
4,9.180947,-94.293783,178.222,1022.27911,30,33.9275,26.1017,1.51,0.447,2.021,0.24,0.23
4,9.180947,-94.293783,116.325,1023.71698,45,34.2406,22.3754,13.61,1.331,7.075,1.6,0.48
4,9.180947,-94.293783,48.88,1024.61182,55,34.4209,19.7347,27.19,2.134,16.07,0.19,0
4,9.180947,-94.293783,17.056,1026.2749,75,34.7949,14.3854,28.52,2.134,20.113,1.15,0.04
4,9.180947,-94.293783,49.517,1026.80933,120,34.7707,12.7041,30.86,2.216,24.56,0,0
4,9.180947,-94.293783,41.668,1027.35376,200,34.7582,11.7218,31.62,2.287,27.39,0,0.02
4,9.180947,-94.293783,21.988,1027.95654,300,34.7125,10.7073,34.24,2.541,32.443,0,0.04
4,9.180947,-94.293783,4.713,1028.54578,400,34.6737,9.7861,35.04,2.805,39.316,0,0.04
4,9.180947,-94.293783,2.186,1029.50806,550,34.5883,7.706,36.52,3.252,60.035,0.22,0.11
4,9.180947,-94.293783,7.857,1030.39136,700,34.5668,6.3195,43.67,3.27,68.15,0,0.25
4,9.180947,-94.293783,14.5,1030.92139,800,34.5579,5.7399,45.4,3.32,78.58,0,0.08
4,9.180947,-94.293783,20.243,1031.98425,1000,34.5645,4.7392,46.11,3.391,97.213,0,0.06
4,9.180947,-94.293783,57.198,1034.51685,1500,34.5999,3.1752,43.78,3.168,122.022,0,0.09
4,9.180947,-94.293783,86.598,1036.94495,2000,34.6345,2.3399,41.58,2.986,146.123,0,0.04
4,9.180947,-94.293783,105.959,1039.30688,2500,34.6604,1.8779,39.98,2.824,162.224,0,0.06
4,9.180947,-94.293783,112.354,1041.58105,3000,34.6646,1.8366,39.45,2.774,159.692,0,0.05
4,9.180947,-94.293783,112.93,1042.03064,3100,34.6648,1.8407,39.44,2.794,162.021,0,0.04
4,9.180947,-94.293783,113.517,1042.47925,3200,34.6651,1.8448,39.3,2.764,160.604,0,0.04
4,9.180947,-94.293783,113.639,1042.92651,3300,34.6652,1.8507,39.29,2.774,161.616,0,0
4,9.180947,-94.293783,113.774,1043.37231,3400,34.6653,1.8591,34.72,2.541,158.477,0,0.04
4,9.180947,-94.293783,113.969,1043.81726,3500,34.6653,1.8668,39.32,2.774,162.224,0,0
5,-9.999967,-89.999983,169.612,1023.06421,5,34.8495,25.6132,5.948104056,0.7,2.4,0.09,0.41
5,-9.999967,-89.999983,203.597,1023.16589,15,35.0055,25.7952,5.977804233,0.7,2.4,0.08,0.5
5,-9.999967,-89.999983,204.481,1023.22791,30,34.9835,25.7491,6.834162257,0.77,2.6,0.12,0.49
5,-9.999967,-89.999983,192.00301,1025.47424,45,35.2126,18.6157,13.41772487,1.41,4.4,0.53,0.83
5,-9.999967,-89.999983,159.37801,1025.80029,65,35.1575,17.458,14.64425044,1.57,5.1,2.16,0.6
5,-9.999967,-89.999983,41.202,1026.10315,75,35.0203,15.9127,15.48829806,1.55,5.7,1.05,0.21
5,-9.999967,-89.999983,10.513,1026.40332,90,34.9358,14.6007,26.69579365,2.34,12.7,0.52,0.2
5,-9.999967,-89.999983,10.48,1026.73425,120,34.9046,13.55,27.74769841,2.45,18,0,0.04
5,-9.999967,-89.999983,5.238,1027.00671,150,34.8948,12.8621,29.29416226,2.46,23.2,0,0.22
5,-9.999967,-89.999983,11.088,1027.3667,200,34.8607,12.0703,30.96867725,2.44,25,0,0.08
5,-9.999967,-89.999983,4.566,1027.96497,300,34.7963,11.021,32.63334215,2.6,29.4,0,0.19
5,-9.999967,-89.999983,6.235,1028.55835,400,34.7151,9.9028,34.93826279,2.74,32.2,0,0.21
5,-9.999967,-89.999983,12.099,1029.79492,600,34.5566,7.1834,43.05473545,3.13,46.1,0,0.04
5,-9.999967,-89.999983,16.883,1030.38135,700,34.5316,6.1954,44.57164903,3.22,54.7,0,0.22
5,-9.999967,-89.999983,32.873,1030.93335,800,34.5309,5.5079,44.0988448,3.2,61.6,0,0.09
5,-9.999967,-89.999983,60.639,1031.98071,1000,34.5363,4.5984,41.97122575,3.08,72.4,0,0.19
5,-9.999967,-89.999983,85.318,1034.52588,1500,34.591,3.052,40.23761023,2.94,116.9,0,0.05
5,-9.999967,-89.999983,102.372,1036.94873,2000,34.6352,2.3163,38.83889771,2.82,112.3,0,0.02
5,-9.999967,-89.999983,120.002,1039.30676,2500,34.6633,1.8946,37.70613757,2.66,142.2,0,0
5,-9.999967,-89.999983,131.83099,1041.59448,3000,34.6729,1.7912,36.3468254,2.6,138.3,0,0
5,-9.999967,-89.999983,138.58,1043.84326,3500,34.6794,1.7751,34.61320988,2.5,137.2,0,0
5,-9.999967,-89.999983,137.285,1045.17981,3800,34.681,1.7875,36.02177249,2.56,137.5,0,0.03
5,-9.999967,-89.999983,135.936,1045.62476,3900,34.681,1.7977,19.70017637,1.66,100.7,0,0.06
5,-9.999967,-89.999983,136.58099,1045.84485,3950,34.6811,1.8029,36.14982363,2.57,138.1,0,0.08
6,-10.000183,-95.001472,190.618,1022.86072,5,34.6634,25.8184,4.485793651,0.6,2.1,0.03,0.34
6,-10.000183,-95.001472,199.961,1023.39288,20,35.3727,26.0246,4.505470312,0.6,2.5,0.03,0.31
6,-10.000183,-95.001472,202.617,1023.43091,30,35.3649,26.0188,5.282375073,0.66,2.3,0.05,0.43
6,-10.000183,-95.001472,221.797,1024.04358,45,34.9433,22.7113,10.94359494,1.25,4.2,0.4,1.15
6,-10.000183,-95.001472,135.541,1025.49866,65,35.2025,18.7841,15.20292181,1.65,6,1.05,2
6,-10.000183,-95.001472,98.067,1025.78857,75,35.072,17.3703,19.61982363,1.91,8.1,1.69,0.75
6,-10.000183,-95.001472,30.823,1026.14001,85,34.788,15.0546,24.4877425,2.2,11.5,0.6,0.02
6,-10.000183,-95.001472,6.047,1026.74976,120,34.9421,13.648,27.92118166,2.44,17.9,0,0
6,-10.000183,-95.001472,12.734,1027.03711,150,34.9033,12.7567,29.6822428,2.44,21.9,0,0
6,-10.000183,-95.001472,21.907,1027.38403,200,34.8573,11.9695,31.1383157,2.41,24.5,0,0
6,-10.000183,-95.001472,6.534,1027.9679,300,34.7918,10.9839,32.76164021,2.64,32.1,0,0
6,-10.000183,-95.001472,2.094,1028.59766,400,34.6967,9.5963,35.31960611,2.84,35,0,0
6,-10.000183,-95.001472,6.593,1029.51074,550,34.5904,7.7001,41.38001764,3.04,42.7,0,0
6,-10.000183,-95.001472,9.938,1029.7998,600,34.5588,7.1588,42.60980894,3.12,45.9,0,0
6,-10.000183,-95.001472,21.533,1030.36572,700,34.546,6.3823,44.06588183,3.16,52.5,0,0
6,-10.000183,-95.001472,38.908,1030.91101,800,34.5345,5.6877,43.25913874,3.07,60.8,0,0
6,-10.000183,-95.001472,70.027,1031.96777,1000,34.5324,4.6715,41.19308936,3.01,71.9,0,0
6,-10.000183,-95.001472,90.439,1034.5271,1500,34.5903,3.0385,39.9436214,2.91,111,0,0
7,-10.000275,-100.000662,200.18201,1022.72333,5,34.955,26.9445,3.71840388,0.47,0.7,0.03,0.43
7,-10.000275,-100.000662,199.627,1022.8175,20,34.9554,26.8514,3.600343915,0.43,0.8,0.03,0.2
7,-10.000275,-100.000662,200.401,1022.85663,30,34.954,26.8605,3.315194004,0.41,0.5,0.02,0.2
7,-10.000275,-100.000662,199.841,1022.91748,45,34.952,26.8661,4.908195179,0.68,2.1,0.07,0.34
7,-10.000275,-100.000662,221.64,1024.90356,65,35.3405,21.4314,5.944729571,0.94,2.5,1.07,0.91
7,-10.000275,-100.000662,207.866,1025.46619,75,35.5243,20.0517,6.733550852,1.02,2.5,1.57,0.53
7,-10.000275,-100.000662,178.94901,1025.88306,100,35.373,18.4173,12.97303939,1.32,4,0.23,0.1
7,-10.000275,-100.000662,15.138,1026.38818,120,34.8915,15.0561,27.59490006,2.41,14.2,0.1,0.05
7,-10.000275,-100.000662,2.506,1026.83337,140,34.926,13.6134,27.96053498,2.45,18.6,0,0.08
7,-10.000275,-100.000662,6.724,1027.14355,175,34.8919,12.7521,30.02658436,2.46,21.8,0,0.05
7,-10.000275,-100.000662,17.396,1027.64209,250,34.8485,11.7595,31.24653733,2.41,25.4,0,0.05
7,-10.000275,-100.000662,11.111,1027.9447,300,34.8038,11.1598,32.84083186,2.54,28.3,0,0.05
8,-6.005262,-99.998077,194.86099,1022.85327,5,35.0298,26.7125,5.86,0.62,3.5,0.08,0.31
8,-6.005262,-99.998077,195.55299,1022.93402,25,35.0282,26.725,5.51,0.58,3.5,0.07,0.26
8,-6.005262,-99.998077,106.457,1025.37036,60,34.8072,17.9046,20.26,1.59,12.6,0.48,0.54
8,-6.005262,-99.998077,61.309,1026.56274,100,34.9476,14.1164,25.22,1.86,17.5,0.76,0.09
8,-6.005262,-99.998077,62.189,1026.74756,120,34.9475,13.6753,26.62,1.9,18.9,0.08,0
8,-6.005262,-99.998077,55.476,1026.88013,140,34.9463,13.4661,27.36,1.94,19.6,0,0
8,-6.005262,-99.998077,31.202,1027.07593,175,34.9256,13.2124,30.07,2.11,21.2,0,0
8,-6.005262,-99.998077,6.476,1027.49377,250,34.8904,12.6634,33.05,2.36,24.7,0,0
8,-6.005262,-99.998077,10.362,1028.43958,400,34.7771,10.8167,33.13,2.65,32.1,0,0
8,-6.005262,-99.998077,34.541,1029.74097,600,34.5937,7.7138,39.31,2.81,41.1,0,0
8,-6.005262,-99.998077,50.469,1030.87402,800,34.5392,5.9681,42.49,2.96,57.7,0,0
8,-6.005262,-99.998077,62.03,1031.95068,1000,34.5387,4.8316,43.15,3.06,75.7,0,0
9,-4.002641,-100.005409,195.82899,1022.88098,5,35.2155,27.0516,5.83,0.6,2.7,0.12,0.14
9,-4.002641,-100.005409,195.25,1022.95502,20,35.2122,27.0202,5.75,0.59,2.7,0.12,0.14
9,-4.002641,-100.005409,141.431,1023.99103,30,34.825,22.8397,6.47,0.65,3,0.14,0.17
9,-4.002641,-100.005409,90.323,1025.80298,45,35.0611,17.0075,21.08,1.65,12.1,0.9,0.05
9,-4.002641,-100.005409,74.632,1026.25806,65,35.1272,15.434,24.81,1.82,14.8,0.19,0
9,-4.002641,-100.005409,84.283,1026.34802,75,35.1247,15.2349,23.83,1.75,14.8,0.11,0
9,-4.002641,-100.005409,93.717,1026.56897,100,35.0601,14.5158,23.24,1.7,15.8,0.02,0
9,-4.002641,-100.005409,89.032,1026.68103,120,35.0394,14.3253,23.32,1.7,16.4,0,0
9,-4.002641,-100.005409,92.843,1026.80396,140,35.0209,14.1028,24.73,1.78,17.8,0,0
9,-4.002641,-100.005409,77.758,1026.99805,175,34.9723,13.729,26.32,1.86,19.5,0,0
9,-4.002641,-100.005409,79.785,1027.41504,250,34.9291,13.1763,28.08,1.98,21.1,0,0
9,-4.002641,-100.005409,5.102,1027.68701,300,34.9032,12.844,32.81,2.47,27.5,0,0
9,-4.002641,-100.005409,1.402,1028.48596,400,34.7545,10.422,37.29,2.79,38.1,0,0
9,-4.002641,-100.005409,11.946,1029.15002,500,34.6555,8.747,40.83,2.89,42.8,0,0
9,-4.002641,-100.005409,20.304,1029.72803,600,34.604,7.7172,42.83,2.98,48,0,0
9,-4.002641,-100.005409,31.347,1030.29297,700,34.5679,6.8074,43.69,3.02,55.4,0,0
9,-4.002641,-100.005409,43.525,1030.85901,800,34.5476,5.9628,43.96,3.04,65.6,0,0
9,-4.002641,-100.005409,68.985,1031.93701,1000,34.5421,4.7195,42.56,2.99,74.1,0,0
9,-4.002641,-100.005409,84.723,1034.42603,1500,34.5835,3.3062,41.82,2.93,115.2,0,0
10,-0.006661,-99.986725,191.87399,1022.86682,5,35.1521,26.9595,5.88,0.62,3.2,0.37,0.25
10,-0.006661,-99.986725,193.07201,1022.94153,20,35.1448,26.9084,5.26,0.57,2.934,0.35,0.08
10,-0.006661,-99.986725,177.04401,1023.16107,40,34.9511,25.8914,7.24,0.71,4.35,0.74,0.27
10,-0.006661,-99.986725,165.661,1023.50641,45,34.9329,24.8364,7.72,0.74,4.755,0.8,0.4
10,-0.006661,-99.986725,143.297,1024.16638,60,35.0533,23.2205,9.72,0.85,6.07,0.57,0.22
10,-0.006661,-99.986725,129.349,1024.65112,75,35.577,23.1395,10.65,0.89,5.969,0.33,0.1
10,-0.006661,-99.986725,115.926,1025.60754,100,35.1341,18.6776,13.25,1.06,6.677,0.05,0.03
10,-0.006661,-99.986725,103.765,1026.18347,120,34.8724,15.9475,17.63,1.31,13.556,0.02,0.04
10,-0.006661,-99.986725,115.147,1026.63818,140,34.9725,14.6964,20.07,1.45,16.591,0,0.03
10,-0.006661,-99.986725,98.957,1027.02246,175,34.9159,13.4349,23.02,1.66,18.311,0,0
10,-0.006661,-99.986725,92.563,1027.42944,250,34.9172,13.0868,24.17,1.71,19.323,0,0.04
10,-0.006661,-99.986725,19.98,1027.72644,300,34.8413,12.4112,32.96,2.03,27.113,0,0.17
10,-0.006661,-99.986725,11.439,1028.60547,400,34.688,9.5136,29.74,1.84,24.381,0,0.06
10,-0.006661,-99.986725,34.593,1029.23352,500,34.6049,8.0902,39.32,2.49,42.389,0,0.08
10,-0.006661,-99.986725,39.072,1029.8418,600,34.5876,7.0459,39.79,2.68,50.381,0,0.26
10,-0.006661,-99.986725,55.464,1030.37927,700,34.5549,6.3366,41.36,2.81,59.688,0,0.09
10,-0.006661,-99.986725,70.34,1031.98669,1000,34.553,4.6523,41.63,2.52,83.968,0,0.04
10,-0.006661,-99.986725,85.204,1034.52112,1500,34.599,3.1379,41.53,2.89,120.489,0,0.01
10,-0.006661,-99.986725,99.859,1036.94653,2000,34.6344,2.3271,40.41,2.64,141.43,0,0.02
10,-0.006661,-99.986725,116.418,1039.29907,2500,34.6563,1.9091,39.14,2.15,143.251,0,0.02
10,-0.006661,-99.986725,122.637,1040.45801,2750,34.6661,1.8014,38.82,2.68,152.255,0,0.09
10,-0.006661,-99.986725,128.117,1041.60095,3000,34.6699,1.7337,38.46,2.58,153.57,0,0
10,-0.006661,-99.986725,128.06799,1041.93567,3075,34.6698,1.7392,38.34,2.27,147.905,0,0
11,4.000599,-99.999719,195.48,1021.97119,5,34.745,28.7677,3.04,0.427,3.237,0.06,0.12
11,4.000599,-99.999719,193.88499,1022.08539,20,34.733,28.5905,2.92,0.417,2.63,0.06,0.08
11,4.000599,-99.999719,196.217,1022.1189,30,34.7544,28.6664,2.93,0.417,2.934,0.05,0.08
11,4.000599,-99.999719,195.321,1022.24518,45,34.8308,28.6508,3.73,0.488,2.833,0.07,0.28
11,4.000599,-99.999719,178.46001,1022.2276,60,34.3931,27.392,8.73,0.905,5.665,0.23,1.13
11,4.000599,-99.999719,138.021,1024.07239,70,34.3554,21.5836,13.37,1.23,8.397,0.5,1.34
11,4.000599,-99.999719,77.391,1026.10095,100,34.8733,15.9355,15.28,1.331,9.813,0.63,0.32
11,4.000599,-99.999719,66.362,1026.56274,125,34.9043,14.4814,24.84,1.83,17.401,0.04,0.05
11,4.000599,-99.999719,57.772,1026.76465,150,34.9268,14.1483,26.53,1.931,18.918,0,0.04
11,4.000599,-99.999719,67.934,1027.13965,200,34.9221,13.4308,26.7,1.941,20.334,0,0
11,4.000599,-99.999719,45.085,1027.42871,250,34.8934,13.0026,18.49,1.484,14.467,0,0.03
11,4.000599,-99.999719,33.594,1027.72986,300,34.8498,12.4473,30.97,2.216,24.685,0,0.02
11,4.000599,-99.999719,19.169,1028.38525,400,34.7143,10.838,34.33,2.124,30.755,0,0.12
11,4.000599,-99.999719,2.626,1029.10303,500,34.6617,9.1445,36.71,2.948,44.614,0,0
11,4.000599,-99.999719,17.417,1029.76733,600,34.5916,7.5408,41.45,3.049,53.213,0,0
11,4.000599,-99.999719,25.628,1030.33777,700,34.5648,6.668,43.4,3.08,61.61,0,0.1
11,4.000599,-99.999719,28.881,1030.89319,800,34.5597,5.9498,44.13,2.846,69.501,0,0.04
11,4.000599,-99.999719,45.526,1031.9801,1000,34.5604,4.7436,44.21,3.181,90.24,0,0
11,4.000599,-99.999719,75.18,1034.51794,1500,34.6027,3.1827,42.41,2.765,122.006,0,0
12,9.047719,-101.318159,143.043,1018.65448,10,31.3329,31.0716,0.88,0.36,4.7,0,0.27
12,9.047719,-101.318159,190.79601,1020.6748,20,33.7311,30.5362,0.14,0.275,1.2,0,0.09
12,9.047719,-101.318159,199.92799,1021.37073,45,33.6019,28.4271,0.43,0.37,1.5,0.12,0.04
12,9.047719,-101.318159,170.74699,1022.19537,60,33.7818,26.5548,8.45,0.909,2.8,0.76,0.04
12,9.047719,-101.318159,119.194,1023.43799,80,34.0323,23.2485,18.28,1.639,8.8,0.02,0.14
12,9.047719,-101.318159,33.226,1025.34912,100,34.404,17.4262,30.1,2.495,19.8,0,0.03
12,9.047719,-101.318159,13.241,1026.6051,125,34.8209,13.9883,32.08,2.548,23.4,0,0
12,9.047719,-101.318159,14.382,1026.8689,150,34.8533,13.3884,32.1,2.506,24.3,0,0
12,9.047719,-101.318159,25.658,1027.21265,200,34.7975,12.602,32.42,2.517,25.9,0,0
12,9.047719,-101.318159,19.432,1027.84766,300,34.7592,11.4874,33.36,2.665,29.6,0,0.04
12,9.047719,-101.318159,8.227,1028.15234,350,34.7259,10.9455,33.22,2.665,31.2,0,0.03
12,9.047719,-101.318159,2.012,1028.46057,400,34.6826,10.3022,33.75,2.887,34.7,0,0
12,9.047719,-101.318159,25.658,1027.21265,200,34.7975,12.602,32.09,2.527,26.3,0,0.05
12,9.047719,-101.318159,17.734,1027.54285,250,34.7896,12.0348,32.33,2.527,27.9,0,0
12,9.047719,-101.318159,19.432,1027.84766,300,34.7592,11.4874,33.98,2.717,31.5,0,0
12,9.047719,-101.318159,2.012,1028.46057,400,34.6826,10.3022,34.55,3.014,38.2,0,0
12,9.047719,-101.318159,1.973,1028.79309,450,34.6387,9.4965,33.39,3.14,41.8,0,0
12,9.047719,-101.318159,2.064,1029.11536,500,34.6326,8.9377,33.05,3.267,47.3,0,0
12,9.047719,-101.318159,2.184,1029.41565,550,34.6092,8.3797,33.92,3.405,52.7,0.31,0
12,9.047719,-101.318159,2.341,1029.7168,600,34.5766,7.7819,37.23,3.5,58.2,0,0
12,9.047719,-101.318159,2.208,1030.02087,650,34.5542,7.1664,39.66,3.553,63,0,0
12,9.047719,-101.318159,2.206,1030.33496,700,34.5575,6.6467,42.31,3.627,65.6,0,0
12,9.047719,-101.318159,5.943,1030.89575,800,34.5586,5.9261,45.21,3.711,78.6,0,0
12,9.047719,-101.318159,15.59,1031.9624,1000,34.5579,4.8588,46.5,3.754,89.6,0,0
13,9.838024,-104.291213,192.686,1020.6983,20,33.7114,30.459,1.87,0.364,9,0,0.08
13,9.838024,-104.291213,209.692,1021.62329,45,33.9601,28.5915,1.48,0.405,2.1,0.14,0.32
13,9.838024,-104.291213,134.326,1023.23492,65,34.1821,24.0341,16.04,1.427,9.1,0.39,0.86
13,9.838024,-104.291213,8.469,1026.29895,100,34.7271,14.5613,27.94,2.187,20,0.03,0.03
13,9.838024,-104.291213,23.128,1026.88574,140,34.7384,12.64,31.73,2.298,25,0,0.13
13,9.838024,-104.291213,17.354,1027.33252,200,34.7519,11.8054,33.23,2.399,27.8,0,0.09
13,9.838024,-104.291213,14.623,1027.93921,300,34.7283,10.8765,34.28,2.531,31.6,0,0.03
13,9.838024,-104.291213,3.129,1028.50269,400,34.6832,10.0759,34.7,2.743,38.4,0,0.08
13,9.838024,-104.291213,2.164,1029.12671,500,34.6033,8.732,33.93,2.996,48.6,0,0.08
13,9.838024,-104.291213,2.342,1029.77869,600,34.5588,7.3024,36.16,3.189,61.1,0.18,0.11
13,9.838024,-104.291213,5.23,1030.90759,800,34.5505,5.7962,44.49,3.361,77,0,0
13,9.838024,-104.291213,16.8,1031.9729,1000,34.5539,4.7568,46.34,3.432,84.1,0,0
13,9.838024,-104.291213,16.8,1031.9729,1000,34.5539,4.7568,32.94,2.642,67.2,0.1,0.13
13,9.838024,-104.291213,42.485,1033.27466,1250,34.5803,3.7762,43.65,3.138,111.2,0,0.11
13,9.838024,-104.291213,57.97,1034.50745,1500,34.5946,3.2137,43.45,3.128,129.2,0,0.07
13,9.838024,-104.291213,72.428,1035.73706,1750,34.6137,2.7184,41.34,2.956,136.9,0,0.18
13,9.838024,-104.291213,85.558,1036.96033,2000,34.6398,2.2573,41.48,2.895,149.7,0,0.1
13,9.838024,-104.291213,94.69,1037.91125,2200,34.6495,2.0314,40.76,2.865,153.9,0,0.07
13,9.838024,-104.291213,96.589,1038.14941,2250,34.6538,1.989,27.07,2.116,127.7,0.03,0.05
13,9.838024,-104.291213,99.224,1038.38745,2300,34.6565,1.9375,40.35,2.834,157.6,0,0.04
13,9.838024,-104.291213,101.442,1038.62476,2350,34.6599,1.8928,37.07,2.672,157.3,0,0.07
13,9.838024,-104.291213,102.234,1038.73828,2375,34.661,1.887,39.68,2.794,157.1,0,0.15
13,9.838024,-104.291213,102.077,1038.96777,2425,34.661,1.877,39.95,2.794,160.9,0,0.06
13,9.838024,-104.291213,,1039.0896,2460,34.662,1.8756,NaN,NaN,NaN,NaN,NaN
14,12.38567,-104.33023,195.28,1021.14099,10,34.0768,29.8012,0.02,0.21,1.113,0,0.02
14,12.38567,-104.33023,202.44501,1021.70898,30,34.1257,28.472,0.64,0.32,1.517,0.1,0.15
14,12.38567,-104.33023,192.259,1022.92999,45,34.4659,25.6525,4.25,0.68,2.934,0.76,0.21
14,12.38567,-104.33023,10.168,1025.23096,70,34.5823,18.1087,26.44,2.23,16.49,0.12,0.08
14,12.38567,-104.33023,3.293,1025.76599,80,34.7044,16.4966,30.32,2.5,24.179,0,0.08
14,12.38567,-104.33023,2.078,1026.11694,90,34.7605,15.3075,28.49,2.46,24.381,0.06,0
14,12.38567,-104.33023,1.188,1026.51294,110,34.8076,14.065,28.09,2.48,25.797,0.94,0
14,12.38567,-104.33023,1.043,1026.90906,150,34.8153,13.0484,31.57,2.45,27.113,0.04,0
14,12.38567,-104.33023,1.049,1027.05603,170,34.8047,12.7022,31.22,2.47,25.595,0,0
14,12.38567,-104.33023,1.003,1027.27197,200,34.7871,12.2253,31.6,2.52,29.338,0.03,0
14,12.38567,-104.33023,1.143,1027.59094,250,34.7568,11.6255,27.12,2.6,32.373,2.07,0
14,12.38567,-104.33023,1.077,1027.90405,300,34.7252,11.0302,26.7,2.69,35.509,2.12,0
14,12.38567,-104.33023,1.025,1028.58398,400,34.6328,9.3314,27.72,2.9,46.031,1.11,0.03
14,12.38567,-104.33023,1.098,1029.21204,500,34.5825,8.0251,31.86,3.01,52.202,0.51,0
14,12.38567,-104.33023,1.149,1029.81604,600,34.5612,6.939,37.47,3.2,65.455,0.32,0.12
14,12.38567,-104.33023,2.86,1030.896,800,34.5479,5.6835,39.64,3.27,69.703,0.21,0
14,12.38567,-104.33023,11.575,1031.92395,1000,34.5494,4.8309,45.52,3.36,82.653,0.02,0.07
14,12.38567,-104.33023,48.173,1034.43396,1500,34.5865,3.2765,44.71,3.2,124.839,0,0
15,16.074541,-108.050282,197.16901,1022.17603,10,34.2952,27.1259,0.62,0.33,4.1,0,0.1
15,16.074541,-108.050282,201.942,1022.55603,20,34.4619,26.5318,8.8,1.14,10.3,0.51,0.08
15,16.074541,-108.050282,207.754,1023.164,45,34.6789,25.4106,0.06,0.38,1.4,0,0
15,16.074541,-108.050282,188.31799,1024.21704,70,34.4405,21.6083,8.65,1.17,7.4,0.52,0.04
15,16.074541,-108.050282,122.746,1024.73901,80,34.3801,19.6078,16.86,1.79,13.2,0.22,0.01
15,16.074541,-108.050282,11.329,1026.11096,110,34.6549,15.3664,25.26,2.48,24.1,0.09,0.01
15,16.074541,-108.050282,1.419,1026.52197,125,34.7645,14.1803,24.54,2.53,25.7,1.1,0
15,16.074541,-108.050282,1.236,1026.88306,150,34.7952,13.1003,22.45,2.56,28,3.7,0
15,16.074541,-108.050282,1.204,1027.08203,175,34.7915,12.6339,23.17,2.56,28.9,3.66,0.02
15,16.074541,-108.050282,1.14,1027.26794,200,34.7797,12.217,23.45,2.58,30.1,3.23,0.02
15,16.074541,-108.050282,0.95,1027.90698,300,34.7056,10.9315,22.99,2.72,35.5,1.51,0.04
15,16.074541,-108.050282,1.124,1028.55896,400,34.625,9.4479,27.29,2.92,44.3,0.75,0.05
15,16.074541,-108.050282,1.141,1029.172,500,34.5782,8.254,31.49,3.09,55,0.33,0
15,16.074541,-108.050282,1.082,1029.75,600,34.5524,7.3245,35.6,3.19,63.6,0.18,0
15,16.074541,-108.050282,1.194,1030.32397,700,34.5356,6.4347,39.59,3.28,73.7,0,0.03
15,16.074541,-108.050282,1.307,1030.89099,800,34.5291,5.6185,42.92,3.36,82.7,0,0
15,16.074541,-108.050282,6.919,1031.93103,1000,34.535,4.704,45.69,3.39,98.2,0,0
15,16.074541,-108.050282,42.89,1034.44495,1500,34.5844,3.1565,44.47,3.23,128.2,0,0
16,21.844346,-114.650792,224.77699,1024.18005,10,34.2269,20.123,0.13,0.36,1.625,0,0.18
16,21.844346,-114.650792,224.53101,1024.21106,20,34.219,20.1471,0.08,0.34,1.625,0,0.09
16,21.844346,-114.650792,224.05299,1024.32104,40,34.2272,20.0883,0.09,0.34,1.32,0,0.1
16,21.844346,-114.650792,201.16701,1025.11304,80,33.7854,16.2944,4.02,0.79,4.773,0.38,0.08
16,21.844346,-114.650792,116.645,1025.78894,100,33.9579,14.1728,10.96,1.18,9.546,0.07,0.03
16,21.844346,-114.650792,61.074,1026.42896,125,34.2541,12.7226,21.67,1.98,20.413,0,0.04
16,21.844346,-114.650792,41.331,1026.82898,150,34.3821,11.7557,24.8,2.28,27.928,0,0.34
16,21.844346,-114.650792,31.223,1027.02795,170,34.4501,11.4356,25.4,2.42,31.076,0,0
16,21.844346,-114.650792,24.101,1027.271,200,34.4815,10.9934,26.71,2.58,34.833,0,0.06
16,21.844346,-114.650792,4.332,1027.98096,300,34.5515,9.8322,28.38,2.81,43.669,0,0.11
16,21.844346,-114.650792,2.573,1028.625,400,34.5098,8.5187,32.52,2.95,52.098,0,0.11
16,21.844346,-114.650792,2.141,1029.22302,500,34.4907,7.502,36.44,3.09,64.9,0,0.07
16,21.844346,-114.650792,2.273,1029.79199,600,34.4837,6.6984,39.05,3.21,65.503,0,0.07
16,21.844346,-114.650792,3.551,1030.35803,700,34.4796,5.9058,41.61,3.26,83.3,0,0.01
16,21.844346,-114.650792,3.643,1030.90405,800,34.4981,5.3557,43.42,3.33,92,0,0.04
16,21.844346,-114.650792,10.113,1031.93604,1000,34.5118,4.5415,45.14,3.37,107.8,0,0.04
16,21.844346,-114.650792,41.073,1034.44104,1500,34.5727,3.1274,44.33,3.2,138.4,0,0.1
17,25.08161,-118.100971,226.06,1024.14502,10,33.9086,19.3374,39.49,3.11,75,0,0.04
17,25.08161,-118.100971,227.073,1024.19678,20,33.9053,19.296,41.4,3.17,84.1,0,0
17,25.08161,-118.100971,226.34599,1024.29541,40,33.9584,19.4165,43.81,3.25,105.9,0,0
17,25.08161,-118.100971,232.55901,1024.42957,60,33.7853,18.6838,44.66,3.26,118.2,0,0
17,25.08161,-118.100971,239.049,1024.70508,95,33.1428,15.9432,39.38,2.94,141.8,0,0
17,25.08161,-118.100971,220.17599,1025.15369,100,33.3419,14.8946,38.33,2.7,157.1,0.04,0.07
17,25.08161,-118.100971,171.438,1026.03906,125,33.5868,12.0676,40.15,2.84,164.7,0,0
17,25.08161,-118.100971,151.384,1026.40039,150,33.7231,11.289,40.36,2.83,167.3,0,0
17,25.08161,-118.100971,145.552,1026.83411,175,33.9133,10.3705,39.83,2.76,169.4,0,0
17,25.08161,-118.100971,135.884,1027.10254,200,33.9983,9.8547,39.14,2.7,170.7,0,0
17,25.08161,-118.100971,33.793,1027.96545,300,34.3759,9.1953,39.05,2.69,173,0,0.04
17,25.08161,-118.100971,18.016,1028.59631,400,34.3418,7.932,27.8,2.09,154.2,0,0
17,25.08161,-118.100971,8.035,1029.23535,500,34.3971,7.0321,37.52,3.08,67.6,0,0
17,25.08161,-118.100971,6.893,1029.82605,600,34.4106,6.2067,39.74,3.17,76.4,0,0.02
17,25.08161,-118.100971,11.456,1030.92737,800,34.444,5.0528,41.75,3.23,87.4,0,0
17,25.08161,-118.100971,18.916,1031.99036,1000,34.4946,4.2794,44.24,3.26,107.4,0,0.02
17,25.08161,-118.100971,44.379,1034.52112,1500,34.5767,3.0021,44.41,3.25,125.9,0,0
17,25.08161,-118.100971,78.341,1036.95825,2000,34.6258,2.1901,43.17,3.1,148,0,0.05
17,25.08161,-118.100971,93.715,1038.38062,2300,34.6445,1.9176,40.86,2.87,163.3,0,0
17,25.08161,-118.100971,100.365,1039.30884,2500,34.6523,1.8198,40.37,2.83,165.2,0,0.02
17,25.08161,-118.100971,114.273,1041.61035,3000,34.6636,1.6398,39.48,2.75,168.2,0,0
17,25.08161,-118.100971,122.56,1043.86914,3500,34.67,1.5729,38.9,2.7,170.9,0,0
17,25.08161,-118.100971,123.61,1044.98425,3750,34.6706,1.5877,38.85,2.69,170.4,0,0.03
17,25.08161,-118.100971,123.152,1045.24023,3808,34.6708,1.5929,38.68,2.63,171.4,0,0
18,31.08341,-120.232,242.231,1024.29846,10,33.0896,16.1031,39.49,3.11,75,0,0.04
18,31.08341,-120.232,245.12199,1024.40625,21,33.075,15.7864,41.4,3.17,84.1,0,0
18,31.08341,-120.232,256.59799,1024.63062,40,33.0285,14.9417,43.81,3.25,105.9,0,0
18,31.08341,-120.232,247.756,1024.9906,60,33.0865,13.8946,44.66,3.26,118.2,0,0
18,31.08341,-120.232,212.7,1025.63232,95,33.2137,11.927,39.38,2.94,141.8,0,0
18,31.08341,-120.232,199.209,1025.80969,100,33.3165,11.5575,38.33,2.7,157.1,0.04,0.07
18,31.08341,-120.232,168.535,1026.23376,125,33.5096,10.6892,40.15,2.84,164.7,0,0
18,31.08341,-120.232,123.37,1026.69971,150,33.8303,10.1006,40.36,2.83,167.3,0,0
18,31.08341,-120.232,112.374,1026.94849,175,33.9306,9.7858,39.83,2.76,169.4,0,0
18,31.08341,-120.232,102.842,1027.16663,200,34.0118,9.5425,39.14,2.7,170.7,0,0
18,31.08341,-120.232,39.979,1028.00916,300,34.2353,8.2251,39.05,2.69,173,0,0.04
18,31.08341,-120.232,20.094,1028.64417,400,34.2898,7.3562,27.8,2.09,154.2,0,0